<?xml version="1.0" encoding="UTF-8"?>
<config xmlns="http://www.knime.org/2008/09/XMLConfig" xmlns:xsi="http://www.w3.org/2001/XMLSchema-instance" xsi:schemaLocation="http://www.knime.org/2008/09/XMLConfig http://www.knime.org/XMLConfig_2008_09.xsd" key="model.xml">
<entry key="version" type="xint" value="1"/>
<entry key="class_name" type="xstring" value="com.genericworkflownodes.knime.base.data.port.FileStoreReferenceURIPortObject"/>
<config key="model">
<config key="fs-wrapped-0">
<entry key="uri" type="xstring" value="file:/private/var/folders/j6/5qybpvp116j3vwpm5v3_wyph0000gn/T/knime_checked_Metabol71887/knime_fs-ZipLoopStart_0_12-71888/000/000/0_0_FeatureFinderMetabo_0/2012_02_03_PStd_050_1.featureXML"/>
<entry key="extension" type="xstring" value="featurexml"/>
<entry key="rel-path" type="xstring" value="2012_02_03_PStd_050_1.featureXML"/>
<entry key="fs-index" type="xint" value="0"/>
</config>
<config key="fs-wrapped-1">
<entry key="uri" type="xstring" value="file:/private/var/folders/j6/5qybpvp116j3vwpm5v3_wyph0000gn/T/knime_checked_Metabol71887/knime_fs-ZipLoopStart_0_12-71888/000/000/6_1_FeatureFinderMetabo_0/2012_02_03_PStd_050_2.featureXML"/>
<entry key="extension" type="xstring" value="featurexml"/>
<entry key="rel-path" type="xstring" value="2012_02_03_PStd_050_2.featureXML"/>
<entry key="fs-index" type="xint" value="1"/>
</config>
<config key="fs-wrapped-2">
<entry key="uri" type="xstring" value="file:/private/var/folders/j6/5qybpvp116j3vwpm5v3_wyph0000gn/T/knime_checked_Metabol71887/knime_fs-ZipLoopStart_0_12-71888/000/000/8_2_FeatureFinderMetabo_0/2012_02_03_PStd_050_3.featureXML"/>
<entry key="extension" type="xstring" value="featurexml"/>
<entry key="rel-path" type="xstring" value="2012_02_03_PStd_050_3.featureXML"/>
<entry key="fs-index" type="xint" value="2"/>
</config>
<config key="fs-wrapped-3">
<entry key="uri" type="xstring" value="file:/private/var/folders/j6/5qybpvp116j3vwpm5v3_wyph0000gn/T/knime_checked_Metabol71887/knime_fs-ZipLoopStart_0_12-71888/000/000/10_3_FeatureFinderMetabo_0/2012_02_03_PStd_10_1.featureXML"/>
<entry key="extension" type="xstring" value="featurexml"/>
<entry key="rel-path" type="xstring" value="2012_02_03_PStd_10_1.featureXML"/>
<entry key="fs-index" type="xint" value="3"/>
</config>
<config key="fs-wrapped-4">
<entry key="uri" type="xstring" value="file:/private/var/folders/j6/5qybpvp116j3vwpm5v3_wyph0000gn/T/knime_checked_Metabol71887/knime_fs-ZipLoopStart_0_12-71888/000/000/12_4_FeatureFinderMetabo_0/2012_02_03_PStd_10_2.featureXML"/>
<entry key="extension" type="xstring" value="featurexml"/>
<entry key="rel-path" type="xstring" value="2012_02_03_PStd_10_2.featureXML"/>
<entry key="fs-index" type="xint" value="4"/>
</config>
<config key="fs-wrapped-5">
<entry key="uri" type="xstring" value="file:/private/var/folders/j6/5qybpvp116j3vwpm5v3_wyph0000gn/T/knime_checked_Metabol71887/knime_fs-ZipLoopStart_0_12-71888/000/000/14_5_FeatureFinderMetabo_0/2012_02_03_PStd_10_3.featureXML"/>
<entry key="extension" type="xstring" value="featurexml"/>
<entry key="rel-path" type="xstring" value="2012_02_03_PStd_10_3.featureXML"/>
<entry key="fs-index" type="xint" value="5"/>
</config>
</config>
</config>
