<?xml version="1.0" encoding="UTF-8"?>
<config xmlns="http://www.knime.org/2008/09/XMLConfig" xmlns:xsi="http://www.w3.org/2001/XMLSchema-instance" xsi:schemaLocation="http://www.knime.org/2008/09/XMLConfig http://www.knime.org/XMLConfig_2008_09.xsd" key="spec.xml">
<entry key="spec_name" type="xstring" value="default"/>
<entry key="number_columns" type="xint" value="1"/>
<config key="column_spec_0">
<entry key="column_name" type="xstring" value="abs(log(FC))&gt;1"/>
<config key="element_names">
<entry key="array-size" type="xint" value="0"/>
</config>
<config key="column_type">
<entry key="cell_class" type="xstring" value="org.knime.core.data.def.BooleanCell"/>
</config>
<config key="column_domain">
<config key="lower_bound">
<entry key="datacell" type="xstring" value="org.knime.core.data.def.BooleanCell"/>
<config key="org.knime.core.data.def.BooleanCell">
<entry key="BooleanCell" type="xboolean" value="false"/>
</config>
</config>
<config key="upper_bound">
<entry key="datacell" type="xstring" value="org.knime.core.data.def.BooleanCell"/>
<config key="org.knime.core.data.def.BooleanCell">
<entry key="BooleanCell" type="xboolean" value="true"/>
</config>
</config>
<config key="possible_values">
<entry key="array-size" type="xint" value="2"/>
<config key="0">
<entry key="datacell" type="xstring" value="org.knime.core.data.def.BooleanCell"/>
<config key="org.knime.core.data.def.BooleanCell">
<entry key="BooleanCell" type="xboolean" value="false"/>
</config>
</config>
<config key="1">
<entry key="datacell" type="xstring" value="org.knime.core.data.def.BooleanCell"/>
<config key="org.knime.core.data.def.BooleanCell">
<entry key="BooleanCell" type="xboolean" value="true"/>
</config>
</config>
</config>
</config>
<config key="column_properties"/>
<config key="color_handler">
<entry key="color_model_class" type="xstring" value="org.knime.core.data.property.ColorModelNominal"/>
<config key="color_model">
<config key="keys">
<config key="false">
<entry key="datacell" type="xstring" value="org.knime.core.data.def.BooleanCell"/>
<config key="org.knime.core.data.def.BooleanCell">
<entry key="BooleanCell" type="xboolean" value="false"/>
</config>
</config>
<config key="true">
<entry key="datacell" type="xstring" value="org.knime.core.data.def.BooleanCell"/>
<config key="org.knime.core.data.def.BooleanCell">
<entry key="BooleanCell" type="xboolean" value="true"/>
</config>
</config>
</config>
<entry key="false" type="xint" value="-16777216"/>
<entry key="true" type="xint" value="-65536"/>
</config>
</config>
</config>
</config>
