<?xml version="1.0" encoding="UTF-8"?>
<config xmlns="http://www.knime.org/2008/09/XMLConfig" xmlns:xsi="http://www.w3.org/2001/XMLSchema-instance" xsi:schemaLocation="http://www.knime.org/2008/09/XMLConfig http://www.knime.org/XMLConfig_2008_09.xsd" key="model.xml">
<entry key="version" type="xint" value="1"/>
<entry key="class_name" type="xstring" value="com.genericworkflownodes.knime.base.data.port.FileStoreURIPortObject"/>
<config key="model">
<config key="file-0">
<entry key="uri" type="xstring" value="file:/private/var/folders/j6/5qybpvp116j3vwpm5v3_wyph0000gn/T/knime_checked_Metabol71887/knime_fs-TextExporter_0_144-71894/000/000/TextExporter_0/2012_02_03_PStd_050_1_0.csv"/>
<entry key="extension" type="xstring" value="csv"/>
<entry key="rel-path" type="xstring" value="2012_02_03_PStd_050_1_0.csv"/>
</config>
</config>
</config>
