<?xml version="1.0" encoding="UTF-8"?>
<config xmlns="http://www.knime.org/2008/09/XMLConfig" xmlns:xsi="http://www.w3.org/2001/XMLSchema-instance" xsi:schemaLocation="http://www.knime.org/2008/09/XMLConfig http://www.knime.org/XMLConfig_2008_09.xsd" key="model.xml">
<entry key="version" type="xint" value="1"/>
<entry key="class_name" type="xstring" value="com.genericworkflownodes.knime.base.data.port.FileStoreURIPortObject"/>
<config key="model">
<config key="file-0">
<entry key="uri" type="xstring" value="file:/private/var/folders/j6/5qybpvp116j3vwpm5v3_wyph0000gn/T/knime_checked_Metabol71887/knime_fs-MapAlignerPoseClustering_0_234-71889/000/000/MapAlignerPoseClustering_1/2012_02_03_PStd_050_1_0.trafoXML"/>
<entry key="extension" type="xstring" value="trafoxml"/>
<entry key="rel-path" type="xstring" value="2012_02_03_PStd_050_1_0.trafoXML"/>
</config>
<config key="file-1">
<entry key="uri" type="xstring" value="file:/private/var/folders/j6/5qybpvp116j3vwpm5v3_wyph0000gn/T/knime_checked_Metabol71887/knime_fs-MapAlignerPoseClustering_0_234-71889/000/000/MapAlignerPoseClustering_1/2012_02_03_PStd_050_2_1.trafoXML"/>
<entry key="extension" type="xstring" value="trafoxml"/>
<entry key="rel-path" type="xstring" value="2012_02_03_PStd_050_2_1.trafoXML"/>
</config>
<config key="file-2">
<entry key="uri" type="xstring" value="file:/private/var/folders/j6/5qybpvp116j3vwpm5v3_wyph0000gn/T/knime_checked_Metabol71887/knime_fs-MapAlignerPoseClustering_0_234-71889/000/000/MapAlignerPoseClustering_1/2012_02_03_PStd_050_3_2.trafoXML"/>
<entry key="extension" type="xstring" value="trafoxml"/>
<entry key="rel-path" type="xstring" value="2012_02_03_PStd_050_3_2.trafoXML"/>
</config>
<config key="file-3">
<entry key="uri" type="xstring" value="file:/private/var/folders/j6/5qybpvp116j3vwpm5v3_wyph0000gn/T/knime_checked_Metabol71887/knime_fs-MapAlignerPoseClustering_0_234-71889/000/000/MapAlignerPoseClustering_1/2012_02_03_PStd_10_1_3.trafoXML"/>
<entry key="extension" type="xstring" value="trafoxml"/>
<entry key="rel-path" type="xstring" value="2012_02_03_PStd_10_1_3.trafoXML"/>
</config>
<config key="file-4">
<entry key="uri" type="xstring" value="file:/private/var/folders/j6/5qybpvp116j3vwpm5v3_wyph0000gn/T/knime_checked_Metabol71887/knime_fs-MapAlignerPoseClustering_0_234-71889/000/000/MapAlignerPoseClustering_1/2012_02_03_PStd_10_2_4.trafoXML"/>
<entry key="extension" type="xstring" value="trafoxml"/>
<entry key="rel-path" type="xstring" value="2012_02_03_PStd_10_2_4.trafoXML"/>
</config>
<config key="file-5">
<entry key="uri" type="xstring" value="file:/private/var/folders/j6/5qybpvp116j3vwpm5v3_wyph0000gn/T/knime_checked_Metabol71887/knime_fs-MapAlignerPoseClustering_0_234-71889/000/000/MapAlignerPoseClustering_1/2012_02_03_PStd_10_3_5.trafoXML"/>
<entry key="extension" type="xstring" value="trafoxml"/>
<entry key="rel-path" type="xstring" value="2012_02_03_PStd_10_3_5.trafoXML"/>
</config>
</config>
</config>
