<?xml version="1.0" encoding="UTF-8"?>
<config xmlns="http://www.knime.org/2008/09/XMLConfig" xmlns:xsi="http://www.w3.org/2001/XMLSchema-instance" xsi:schemaLocation="http://www.knime.org/2008/09/XMLConfig http://www.knime.org/XMLConfig_2008_09.xsd" key="model.xml">
<entry key="version" type="xint" value="1"/>
<entry key="class_name" type="xstring" value="org.knime.core.data.uri.URIPortObject"/>
<config key="model">
<config key="child-0">
<entry key="uri" type="xstring" value="file:/Users/delagarza/Downloads/Example_Data/Metabolomics/databases/NegativeAdducts.tsv"/>
<entry key="extension" type="xstring" value="tsv"/>
</config>
</config>
</config>
